talk_id,presenter_id,keywords
1,1,Optimization; Analytics&AI; Applications
2,2,Analytics&AI; Applications
3,3,Applications
4,4,Applications
5,5,Analytics&AI; Applications
6,6,Algorithms; Optimization; Theoretical CS; Applications
7,7,Algorithms; Optimization; Applications
8,8,Theoretical CS
9,9,Algorithms; Optimization; Applications
10,10,Optimization; Applications
11,11,Algorithms; Optimization; Theoretical CS
12,12,Algorithms; Analytics&AI; Theoretical CS; Applications
13,13,Algorithms; Optimization; Applications
14,14,Optimization; Applications
15,15,Optimization; Analytics&AI; Applications
16,16,Algorithms; Analytics&AI; Theoretical CS; Applications
17,17,Algorithms; Optimization
18,18,Algorithms; Optimization
19,19,Optimization; Analytics&AI; Applications
20,20,Algorithms; Optimization; Analytics&AI; Theoretical CS; Applications
21,21,Algorithms; Optimization; Applications
22,22,Optimization; Applications
23,23,Algorithms; Optimization; Applications
24,24,Optimization; Analytics&AI; Applications
25,25,Algorithms; Optimization; Analytics&AI; Theoretical CS; Applications
26,26,Algorithms; Optimization; Theoretical CS; Applications
27,27,Algorithms; Optimization; Applications
28,28,Algorithms; Optimization; Applications
29,29,Optimization; Analytics&AI; Applications
30,30,Algorithms; Optimization; Applications
31,31,Optimization; Analytics&AI; Applications
32,32,Algorithms; Optimization; Analytics&AI; Theoretical CS; Applications
33,33,Algorithms; Optimization; Theoretical CS; Applications
34,34,Optimization; Applications
35,35,Optimization; Analytics&AI; Applications
36,36,Algorithms; Optimization
37,37,Optimization; Analytics&AI; Applications
38,38,Analytics&AI; Applications
39,39,Algorithms; Optimization; Theoretical CS; Applications
40,40,Algorithms; Optimization; Analytics&AI; Theoretical CS; Applications
41,41,Algorithms; Optimization; Analytics&AI; Theoretical CS; Applications
42,42,Algorithms; Optimization; Theoretical CS; Applications
43,43,Algorithms; Optimization; Applications
44,44,Optimization; Theoretical CS
45,45,Optimization; Theoretical CS
46,46,Algorithms; Optimization; Applications
47,47,Algorithms; Optimization; Analytics&AI; Theoretical CS; Applications
48,48,Algorithms; Optimization; Applications
49,49,Optimization; Applications
50,50,Algorithms; Optimization; Theoretical CS; Applications
51,51,Algorithms; Optimization; Analytics&AI; Theoretical CS; Applications
52,52,Algorithms; Optimization; Theoretical CS; Applications
53,53,Algorithms; Optimization; Theoretical CS; Applications
54,54,Algorithms; Optimization; Applications
55,55,Optimization; Applications
56,56,Algorithms; Optimization; Theoretical CS; Applications
57,57,Algorithms; Optimization; Analytics&AI; Theoretical CS; Applications
58,58,Algorithms; Optimization; Applications
59,59,Optimization; Applications
60,60,Optimization; Applications
61,61,Algorithms; Optimization; Theoretical CS; Applications
62,62,Algorithms; Optimization; Theoretical CS; Applications
63,63,Algorithms; Optimization; Analytics&AI; Theoretical CS; Applications
64,64,Algorithms; Optimization; Applications
65,65,Optimization; Applications
66,66,Algorithms; Optimization; Analytics&AI; Theoretical CS; Applications
67,67,Algorithms; Optimization; Applications
68,68,Optimization; Analytics&AI; Applications
69,69,Algorithms; Optimization; Analytics&AI; Theoretical CS; Applications
70,70,Algorithms; Optimization; Theoretical CS; Applications
71,71,Optimization; Applications
72,72,Optimization
73,73,Analytics&AI; Theoretical CS; Applications
74,74,Algorithms; Optimization; Theoretical CS; Applications
75,75,Algorithms; Optimization; Analytics&AI; Applications
76,76,Optimization; Analytics&AI; Applications
77,77,Optimization
78,78,Analytics&AI; Theoretical CS; Applications
79,79,Algorithms; Optimization; Applications
80,80,Optimization; Analytics&AI
81,81,Algorithms; Optimization; Applications
82,82,Optimization; Analytics&AI
83,83,Optimization; Applications
84,84,Algorithms; Optimization; Analytics&AI; Theoretical CS; Applications
85,85,Algorithms; Optimization; Theoretical CS; Applications
86,86,Optimization; Analytics&AI; Theoretical CS; Applications
87,87,Optimization; Analytics&AI
88,88,Algorithms; Optimization; Analytics&AI; Theoretical CS; Applications
89,89,Algorithms; Optimization; Theoretical CS; Applications
90,90,Optimization; Analytics&AI; Applications
91,91,Optimization; Analytics&AI
92,92,Algorithms; Optimization; Analytics&AI; Applications
93,93,Algorithms; Optimization; Analytics&AI; Theoretical CS; Applications
94,94,Algorithms; Optimization; Theoretical CS; Applications
95,95,Optimization; Applications
96,96,Optimization; Analytics&AI; Applications
97,97,Optimization; Applications
98,98,Analytics&AI
99,99,Optimization; Applications
100,100,Optimization; Analytics&AI; Theoretical CS; Applications
101,101,Optimization; Analytics&AI; Applications
102,102,Algorithms; Analytics&AI; Theoretical CS; Applications
103,103,Algorithms; Optimization
104,104,Algorithms; Optimization
105,105,Optimization; Analytics&AI; Applications
106,106,Optimization; Analytics&AI; Theoretical CS; Applications
107,107,Optimization; Analytics&AI; Theoretical CS; Applications
108,108,Optimization; Analytics&AI; Applications
109,109,Algorithms; Analytics&AI; Theoretical CS; Applications
110,110,Algorithms; Optimization
111,111,Analytics&AI; Applications
112,112,Algorithms; Analytics&AI; Theoretical CS; Applications
113,113,Algorithms; Optimization
114,114,Algorithms; Optimization
115,115,Optimization; Analytics&AI; Applications
116,116,Analytics&AI
117,117,Analytics&AI; Applications
118,118,Algorithms; Optimization; Applications