talk_id,presenter_id,keywords
1,1,Optimization; Scheduling
2,2,Machine Learning; Applications
3,3,Optimization; Applications
4,4,Machine Learning; Scheduling
5,5,Graph Theory; Optimization
6,6,Graph Theory; Applications
7,7,Simulation; Applications
8,8,Simulation; Scheduling
9,9,Optimization; Graph Theory
10,10,Machine Learning; Graph Theory
11,11,Applications; Simulation
12,12,Scheduling; Simulation
13,13,Optimization; Machine Learning
14,14,Graph Theory; Scheduling
15,15,Applications; Machine Learning
16,16,Simulation; Optimization
